Name,Type1,Type2,Couleur1,Couleur2,Couleur3,Largeur,Hauteur,Extension,Orientation
bulbasaur,Grass,Poison,"(176,179,180)","(141,125,108)","(9,47,99)",120.0,120.0,png,carré
ivysaur,Grass,Poison,"(149,210,218)","(244,114,136)","(76,112,107)",120.0,120.0,png,carré
venusaur,Grass,Poison,"(157,220,219)","(125,121,108)","(191,192,192)",120.0,120.0,png,carré
charmander,Fire,,"(194,191,190)","(240,197,138)","(150,114,78)",120.0,120.0,png,carré
charmeleon,Fire,,"(245,180,154)","(193,190,186)","(194,106,68)",120.0,120.0,png,carré
charizard,Fire,Flying,"(226,175,111)","(31,134,148)","(209,209,208)",120.0,120.0,png,carré
squirtle,Water,,"(155,215,222)","(119,129,119)","(180,185,186)",120.0,120.0,png,carré
wartortle,Water,,"(205,221,233)","(136,144,149)","(184,186,188)",120.0,120.0,png,carré
blastoise,Water,,"(1,0,0)","(85,87,89)","(238,232,215)",120.0,120.0,png,carré
caterpie,Bug,,"(194,198,198)","(106,114,64)","(179,207,117)",120.0,120.0,png,carré
metapod,Bug,,"(143,154,158)","(4,38,81)","(138,128,89)",120.0,120.0,png,carré
butterfree,Bug,Flying,"(238,239,239)","(126,126,140)","(45,45,47)",120.0,120.0,png,carré
weedle,Bug,Poison,"(1,1,1)","(146,112,85)","(190,188,191)",120.0,120.0,png,carré
kakuna,Bug,Poison,"(149,153,154)","(151,97,31)","(19,30,85)",120.0,120.0,png,carré
beedrill,Bug,Poison,"(113,100,87)","(240,241,242)","(208,203,175)",120.0,120.0,png,carré
pidgey,Normal,Flying,"(0,1,1)","(244,232,180)","(194,193,194)",120.0,120.0,png,carré
pidgeotto,Normal,Flying,"(191,193,192)","(239,233,186)","(165,115,76)",120.0,120.0,png,carré
pidgeot,Normal,Flying,"(245,240,191)","(165,133,93)","(194,193,188)",120.0,120.0,png,carré
rattata,Normal,,"(0,0,0)","(128,105,127)","(192,191,191)",120.0,120.0,png,carré
raticate,Normal,,"(186,144,77)","(241,222,183)","(196,195,195)",120.0,120.0,png,carré
spearow,Normal,Flying,"(237,222,206)","(169,115,92)","(193,194,194)",120.0,120.0,png,carré
fearow,Normal,Flying,"(176,123,69)","(209,188,169)","(198,199,200)",120.0,120.0,png,carré
ekans,Poison,,"(121,126,127)","(89,82,65)","(2,16,40)",120.0,120.0,png,carré
arbok,Poison,,"(174,179,179)","(88,102,127)","(152,137,86)",120.0,120.0,png,carré
pikachu,Electric,,"(189,191,193)","(10,34,108)","(179,121,43)",120.0,120.0,png,carré
raichu,Electric,,"(247,221,120)","(204,203,202)","(124,102,59)",120.0,120.0,png,carré
sandshrew,Ground,,"(238,215,108)","(142,127,82)","(231,227,208)",120.0,120.0,png,carré
sandslash,Ground,,"(139,102,42)","(238,222,156)","(192,192,193)",120.0,120.0,png,carré
nidoran-f,Poison,,"(169,169,167)","(63,98,128)","(153,103,58)",120.0,120.0,png,carré
nidorina,Poison,,"(207,208,206)","(181,104,47)","(87,126,154)",120.0,120.0,png,carré
nidoqueen,Poison,Ground,"(146,189,226)","(100,114,124)","(221,213,181)",120.0,120.0,png,carré
nidoran-m,Poison,,"(170,175,175)","(121,100,60)","(9,22,74)",120.0,120.0,png,carré
nidorino,Poison,,"(190,194,194)","(157,123,63)","(1,1,1)",120.0,120.0,png,carré
nidoking,Poison,Ground,"(216,175,210)","(119,104,130)","(190,191,191)",120.0,120.0,png,carré
clefairy,Fairy,,"(145,147,147)","(10,42,100)","(120,104,47)",120.0,120.0,png,carré
clefable,Fairy,,"(199,200,200)","(181,142,63)","(19,65,141)",120.0,120.0,png,carré
vulpix,Fire,,"(187,195,195)","(102,121,153)","(146,55,25)",120.0,120.0,png,carré
ninetales,Fire,,"(1,0,1)","(249,240,138)","(187,186,183)",120.0,120.0,png,carré
jigglypuff,Normal,Fairy,"(178,182,182)","(25,58,123)","(140,101,64)",120.0,120.0,png,carré
wigglytuff,Normal,Fairy,"(219,224,225)","(197,136,75)","(59,85,133)",120.0,120.0,png,carré
zubat,Poison,Flying,"(60,90,116)","(200,200,200)","(160,100,149)",120.0,120.0,png,carré
golbat,Poison,Flying,"(125,107,151)","(34,45,57)","(198,193,193)",120.0,120.0,png,carré
oddish,Grass,Poison,"(54,147,44)","(101,146,143)","(193,192,193)",120.0,120.0,png,carré
gloom,Grass,Poison,"(1,1,0)","(171,98,68)","(197,194,194)",120.0,120.0,png,carré
vileplume,Grass,Poison,"(199,98,103)","(88,125,159)","(186,183,184)",120.0,120.0,png,carré
paras,Bug,Grass,"(244,183,79)","(122,87,61)","(213,194,211)",120.0,120.0,png,carré
parasect,Bug,Grass,"(146,97,84)","(242,197,226)","(251,190,76)",120.0,120.0,png,carré
venonat,Bug,Poison,"(175,143,196)","(97,82,122)","(194,194,193)",120.0,120.0,png,carré
venomoth,Bug,Poison,"(179,185,185)","(180,117,42)","(17,40,99)",120.0,120.0,png,carré
diglett,Ground,,"(108,120,122)","(120,112,76)","(63,70,84)",120.0,120.0,png,carré
dugtrio,Ground,,"(142,147,152)","(124,115,96)","(17,32,87)",120.0,120.0,png,carré
meowth,Normal,,"(232,225,203)","(120,105,84)","(189,188,187)",120.0,120.0,png,carré
persian,Normal,,"(202,206,204)","(29,97,170)","(154,64,13)",120.0,120.0,png,carré
psyduck,Water,,"(182,154,99)","(189,188,190)","(250,230,161)",120.0,120.0,png,carré
golduck,Water,,"(1,0,1)","(161,202,230)","(192,191,191)",120.0,120.0,png,carré
mankey,Fighting,,"(186,197,196)","(10,48,127)","(156,103,42)",120.0,120.0,png,carré
primeape,Fighting,,"(193,166,144)","(250,236,224)","(106,85,68)",120.0,120.0,png,carré
growlithe,Fire,,"(248,228,191)","(113,84,63)","(210,161,116)",120.0,120.0,png,carré
arcanine,Fire,,"(0,0,0)","(107,83,63)","(216,162,114)",120.0,120.0,png,carré
poliwag,Water,,"(108,135,173)","(226,228,234)","(56,68,88)",120.0,120.0,png,carré
poliwhirl,Water,,"(227,227,230)","(109,133,165)","(43,57,73)",120.0,120.0,png,carré
poliwrath,Water,Fighting,"(165,157,145)","(215,223,228)","(12,42,105)",120.0,120.0,png,carré
abra,Psychic,,"(241,234,66)","(191,190,185)","(137,120,59)",120.0,120.0,png,carré
kadabra,Psychic,,"(234,221,71)","(128,109,72)","(188,187,184)",120.0,120.0,png,carré
alakazam,Psychic,,"(126,110,76)","(244,237,95)","(192,192,193)",120.0,120.0,png,carré
machop,Fighting,,"(141,144,145)","(153,129,64)","(12,41,90)",120.0,120.0,png,carré
machoke,Fighting,,"(1,1,0)","(200,201,224)","(120,110,121)",120.0,120.0,png,carré
machamp,Fighting,,"(181,199,221)","(116,121,132)","(189,189,189)",120.0,120.0,png,carré
bellsprout,Grass,Poison,"(188,215,131)","(188,188,187)","(107,119,89)",120.0,120.0,png,carré
weepinbell,Grass,Poison,"(213,230,144)","(111,116,87)","(192,192,194)",120.0,120.0,png,carré
victreebel,Grass,Poison,"(212,230,127)","(187,188,185)","(108,116,77)",120.0,120.0,png,carré
tentacool,Water,Poison,"(1,0,0)","(158,207,231)","(193,192,193)",120.0,120.0,png,carré
tentacruel,Water,Poison,"(170,207,226)","(127,96,106)","(184,184,183)",120.0,120.0,png,carré
geodude,Rock,Ground,"(90,92,92)","(13,40,70)","(83,58,25)",120.0,120.0,png,carré
graveler,Rock,Ground,"(111,112,112)","(12,36,71)","(100,70,32)",120.0,120.0,png,carré
golem,Rock,Ground,"(165,167,168)","(135,134,127)","(7,46,108)",120.0,120.0,png,carré
ponyta,Fire,,"(199,188,176)","(192,120,37)","(245,238,172)",120.0,120.0,png,carré
rapidash,Fire,,"(245,238,171)","(220,125,18)","(205,189,175)",120.0,120.0,png,carré
slowpoke,Water,Psychic,"(127,117,88)","(28,59,121)","(158,160,161)",120.0,120.0,png,carré
slowbro,Water,Psychic,"(232,207,214)","(187,188,188)","(142,123,125)",120.0,120.0,png,carré
magnemite,Electric,Steel,"(104,111,112)","(200,219,224)","(184,184,184)",120.0,120.0,png,carré
magneton,Electric,Steel,"(196,215,219)","(107,115,116)","(192,192,192)",120.0,120.0,png,carré
farfetchd,Normal,Flying,"(219,201,183)","(150,143,77)","(202,201,197)",120.0,120.0,png,carré
doduo,Normal,Flying,"(201,209,210)","(166,157,85)","(13,74,123)",120.0,120.0,png,carré
dodrio,Normal,Flying,"(1,1,0)","(73,64,57)","(206,164,128)",120.0,120.0,png,carré
seel,Water,,"(128,130,127)","(131,112,62)","(46,76,106)",120.0,120.0,png,carré
dewgong,Water,Ice,"(105,108,108)","(11,36,69)","(105,78,38)",120.0,120.0,png,carré
grimer,Poison,,"(1,1,1)","(7,42,101)","(97,73,41)",120.0,120.0,png,carré
muk,Poison,,"(150,151,150)","(134,95,45)","(86,100,114)",120.0,120.0,png,carré
shellder,Water,,"(113,111,107)","(173,182,180)","(4,27,99)",120.0,120.0,png,carré
cloyster,Water,Ice,"(144,150,152)","(151,107,44)","(10,19,64)",120.0,120.0,png,carré
gastly,Ghost,Poison,"(1,1,1)","(73,65,54)","(129,135,136)",120.0,120.0,png,carré
haunter,Ghost,Poison,"(159,162,162)","(138,91,36)","(11,47,98)",120.0,120.0,png,carré
gengar,Ghost,Poison,"(167,169,170)","(128,124,110)","(6,30,92)",120.0,120.0,png,carré
onix,Rock,Ground,"(11,35,84)","(104,75,41)","(114,115,115)",120.0,120.0,png,carré
drowzee,Psychic,,"(244,232,62)","(98,92,68)","(191,189,186)",120.0,120.0,png,carré
hypno,Psychic,,"(152,138,59)","(247,230,60)","(219,219,221)",120.0,120.0,png,carré
krabby,Water,,"(227,193,166)","(187,185,186)","(142,100,73)",120.0,120.0,png,carré
kingler,Water,,"(235,157,104)","(220,215,215)","(115,84,66)",120.0,120.0,png,carré
voltorb,Electric,,"(253,162,145)","(146,106,105)","(195,198,214)",120.0,120.0,png,carré
electrode,Electric,,"(163,165,166)","(131,125,111)","(22,47,113)",120.0,120.0,png,carré
exeggcute,Grass,Psychic,"(116,115,116)","(104,71,45)","(10,43,83)",120.0,120.0,png,carré
exeggutor,Grass,Psychic,"(112,140,105)","(220,219,182)","(205,203,205)",120.0,120.0,png,carré
cubone,Ground,,"(80,115,160)","(180,143,87)","(194,201,198)",120.0,120.0,png,carré
marowak,Ground,,"(171,148,108)","(235,231,226)","(192,192,192)",120.0,120.0,png,carré
hitmonlee,Fighting,,"(144,147,149)","(150,121,59)","(10,33,85)",120.0,120.0,png,carré
hitmonchan,Fighting,,"(142,105,96)","(220,201,198)","(187,188,188)",120.0,120.0,png,carré
lickitung,Normal,,"(183,189,186)","(96,115,140)","(180,154,88)",120.0,120.0,png,carré
koffing,Poison,,"(173,174,175)","(140,97,51)","(35,61,101)",120.0,120.0,png,carré
weezing,Poison,,"(135,122,112)","(198,176,206)","(201,201,194)",120.0,120.0,png,carré
rhyhorn,Ground,Rock,"(106,106,108)","(92,88,71)","(4,6,51)",120.0,120.0,png,carré
rhydon,Ground,Rock,"(202,204,206)","(117,120,130)","(186,186,187)",120.0,120.0,png,carré
chansey,Normal,,"(172,174,172)","(57,82,126)","(150,101,39)",120.0,120.0,png,carré
tangela,Grass,,"(100,133,157)","(50,60,69)","(172,209,226)",120.0,120.0,png,carré
kangaskhan,Normal,,"(182,151,124)","(119,93,74)","(244,235,184)",120.0,120.0,png,carré
horsea,Water,,"(172,221,229)","(192,192,191)","(114,128,130)",120.0,120.0,png,carré
seadra,Water,,"(177,224,228)","(200,200,200)","(109,145,156)",120.0,120.0,png,carré
goldeen,Water,,"(229,227,224)","(155,134,123)","(194,195,195)",120.0,120.0,png,carré
seaking,Water,,"(183,118,90)","(233,230,229)","(193,194,194)",120.0,120.0,png,carré
staryu,Water,,"(93,105,133)","(185,183,177)","(157,112,51)",120.0,120.0,png,carré
starmie,Water,Psychic,"(182,157,144)","(111,95,77)","(212,211,242)",120.0,120.0,png,carré
mr-mime,Psychic,Fairy,"(58,79,107)","(197,197,197)","(224,188,198)",120.0,120.0,png,carré
scyther,Bug,Flying,"(221,220,213)","(117,143,100)","(193,223,169)",120.0,120.0,png,carré
jynx,Ice,Psychic,"(0,1,0)","(141,108,111)","(248,111,100)",120.0,120.0,png,carré
electabuzz,Electric,,"(228,214,112)","(74,69,49)","(186,185,183)",120.0,120.0,png,carré
magmar,Fire,,"(190,93,41)","(232,218,125)","(191,188,188)",120.0,120.0,png,carré
pinsir,Bug,,"(168,169,169)","(159,95,27)","(11,59,129)",120.0,120.0,png,carré
tauros,Normal,,"(211,175,123)","(192,191,190)","(121,110,102)",120.0,120.0,png,carré
magikarp,Water,,"(231,222,219)","(193,119,82)","(207,206,206)",120.0,120.0,png,carré
gyarados,Water,Flying,"(70,125,145)","(218,205,191)","(208,209,209)",120.0,120.0,png,carré
lapras,Water,Ice,"(231,227,213)","(95,170,205)","(186,187,187)",120.0,120.0,png,carré
ditto,Normal,,"(82,83,83)","(4,18,51)","(81,62,28)",120.0,120.0,png,carré
eevee,Normal,,"(2,1,1)","(197,205,204)","(41,67,147)",120.0,120.0,png,carré
vaporeon,Water,,"(192,193,192)","(177,221,230)","(84,127,142)",120.0,120.0,png,carré
jolteon,Electric,,"(238,219,88)","(114,100,70)","(217,218,220)",120.0,120.0,png,carré
flareon,Fire,,"(240,237,168)","(55,42,38)","(210,128,64)",120.0,120.0,png,carré
porygon,Normal,,"(69,151,185)","(209,98,102)","(189,187,186)",120.0,120.0,png,carré
omanyte,Rock,Water,"(243,234,189)","(142,207,223)","(117,128,115)",120.0,120.0,png,carré
omastar,Rock,Water,"(237,231,192)","(112,203,230)","(112,131,123)",120.0,120.0,png,carré
kabuto,Rock,Water,"(209,162,120)","(79,62,43)","(181,182,182)",120.0,120.0,png,carré
kabutops,Rock,Water,"(1,1,1)","(116,90,60)","(186,186,186)",120.0,120.0,png,carré
aerodactyl,Rock,Flying,"(143,125,147)","(226,220,236)","(186,183,188)",120.0,120.0,png,carré
snorlax,Normal,,"(234,239,238)","(138,134,128)","(3,24,86)",120.0,120.0,png,carré
articuno,Ice,Flying,"(160,205,236)","(81,129,160)","(179,189,197)",120.0,120.0,png,carré
zapdos,Electric,Flying,"(228,206,116)","(91,80,55)","(200,200,200)",120.0,120.0,png,carré
moltres,Fire,Flying,"(243,190,61)","(211,188,154)","(188,106,38)",120.0,120.0,png,carré
dratini,Dragon,,"(178,181,180)","(29,71,111)","(167,155,106)",120.0,120.0,png,carré
dragonair,Dragon,,"(120,158,199)","(244,245,245)","(188,189,189)",120.0,120.0,png,carré
dragonite,Dragon,Flying,"(242,212,139)","(193,194,196)","(134,128,91)",120.0,120.0,png,carré
mewtwo,Psychic,,"(175,188,188)","(183,151,75)","(7,41,112)",120.0,120.0,png,carré
mew,Psychic,,"(129,132,131)","(24,83,118)","(118,68,29)",120.0,120.0,png,carré
chikorita,Grass,,"(230,241,186)","(118,149,92)","(191,194,191)",120.0,120.0,png,carré
bayleef,Grass,,"(234,232,147)","(147,157,90)","(189,187,187)",120.0,120.0,png,carré
meganium,Grass,,"(0,1,0)","(181,138,113)","(207,207,207)",120.0,120.0,png,carré
cyndaquil,Fire,,"(170,176,179)","(99,99,108)","(164,126,52)",120.0,120.0,png,carré
quilava,Fire,,"(230,214,157)","(43,94,104)","(194,192,190)",120.0,120.0,png,carré
typhlosion,Fire,,"(246,234,150)","(100,103,100)","(190,189,188)",120.0,120.0,png,carré
totodile,Water,,"(82,132,133)","(107,204,218)","(223,211,170)",120.0,120.0,png,carré
croconaw,Water,,"(232,203,129)","(104,128,127)","(147,216,227)",120.0,120.0,png,carré
feraligatr,Water,,"(118,220,249)","(93,142,162)","(223,199,170)",120.0,120.0,png,carré
sentret,Normal,,"(158,163,162)","(129,110,78)","(3,23,86)",120.0,120.0,png,carré
furret,Normal,,"(194,199,198)","(7,38,130)","(188,139,64)",120.0,120.0,png,carré
hoothoot,Normal,Flying,"(228,183,146)","(78,64,56)","(192,193,194)",120.0,120.0,png,carré
noctowl,Normal,Flying,"(180,138,109)","(88,64,49)","(224,215,183)",120.0,120.0,png,carré
ledyba,Bug,Flying,"(231,197,146)","(109,88,73)","(192,193,194)",120.0,120.0,png,carré
ledian,Bug,Flying,"(216,95,102)","(67,61,67)","(225,222,199)",120.0,120.0,png,carré
spinarak,Bug,Poison,"(206,220,136)","(187,189,187)","(93,98,73)",120.0,120.0,png,carré
ariados,Bug,Poison,"(223,162,147)","(117,78,84)","(188,188,190)",120.0,120.0,png,carré
crobat,Poison,Flying,"(136,155,193)","(182,189,190)","(100,89,125)",120.0,120.0,png,carré
chinchou,Water,Electric,"(1,1,1)","(192,193,194)","(237,233,138)",120.0,120.0,png,carré
lanturn,Water,Electric,"(190,203,225)","(245,235,118)","(113,125,156)",120.0,120.0,png,carré
pichu,Electric,,"(178,186,185)","(70,89,113)","(129,73,20)",120.0,120.0,png,carré
cleffa,Fairy,,"(143,145,142)","(79,92,108)","(125,102,53)",120.0,120.0,png,carré
igglybuff,Normal,Fairy,"(1,1,1)","(47,79,113)","(116,100,64)",120.0,120.0,png,carré
togepi,Fairy,,"(234,227,206)","(126,125,119)","(194,194,194)",120.0,120.0,png,carré
togetic,Fairy,Flying,"(145,153,155)","(155,125,63)","(15,48,100)",120.0,120.0,png,carré
natu,Psychic,Flying,"(178,206,66)","(195,191,195)","(108,71,52)",120.0,120.0,png,carré
xatu,Psychic,Flying,"(225,231,237)","(119,67,49)","(163,193,67)",120.0,120.0,png,carré
mareep,Electric,,"(233,222,172)","(93,119,142)","(194,193,196)",120.0,120.0,png,carré
flaaffy,Electric,,"(0,1,0)","(236,208,225)","(192,191,191)",120.0,120.0,png,carré
ampharos,Electric,,"(247,225,65)","(234,229,227)","(142,116,67)",120.0,120.0,png,carré
bellossom,Grass,,"(102,133,81)","(192,192,195)","(229,181,107)",120.0,120.0,png,carré
marill,Water,Fairy,"(52,164,220)","(208,207,208)","(111,93,109)",120.0,120.0,png,carré
azumarill,Water,Fairy,"(101,86,101)","(49,156,211)","(195,197,197)",120.0,120.0,png,carré
sudowoodo,Rock,,"(148,108,80)","(192,190,192)","(74,187,117)",120.0,120.0,png,carré
politoed,Water,,"(129,177,66)","(236,235,118)","(189,190,188)",120.0,120.0,png,carré
hoppip,Grass,Flying,"(195,193,193)","(99,105,56)","(238,150,176)",120.0,120.0,png,carré
skiploom,Grass,Flying,"(146,202,56)","(185,185,183)","(95,132,36)",120.0,120.0,png,carré
jumpluff,Grass,Flying,"(1,0,0)","(115,127,171)","(209,202,199)",120.0,120.0,png,carré
aipom,Normal,,"(240,230,181)","(159,112,158)","(191,190,190)",120.0,120.0,png,carré
sunkern,Grass,,"(238,224,88)","(79,79,48)","(190,189,190)",120.0,120.0,png,carré
sunflora,Grass,,"(1,0,0)","(245,230,117)","(190,191,190)",120.0,120.0,png,carré
yanma,Bug,Flying,"(137,114,64)","(182,177,174)","(240,233,229)",120.0,120.0,png,carré
wooper,Water,Ground,"(169,206,231)","(192,191,191)","(109,111,129)",120.0,120.0,png,carré
quagsire,Water,Ground,"(109,110,110)","(13,60,97)","(104,70,26)",120.0,120.0,png,carré
espeon,Psychic,,"(189,211,213)","(12,26,70)","(174,148,99)",120.0,120.0,png,carré
umbreon,Dark,,"(1,1,1)","(4,36,92)","(144,136,71)",120.0,120.0,png,carré
murkrow,Dark,Flying,"(27,49,75)","(195,176,138)","(193,194,194)",120.0,120.0,png,carré
slowking,Water,Psychic,"(240,218,219)","(173,133,128)","(190,189,189)",120.0,120.0,png,carré
misdreavus,Ghost,,"(91,145,166)","(205,166,167)","(65,79,93)",120.0,120.0,png,carré
unown,Psychic,,"(57,67,69)","(109,111,107)","(65,39,16)",120.0,120.0,png,carré
wobbuffet,Psychic,,"(138,139,139)","(7,34,87)","(124,78,28)",120.0,120.0,png,carré
girafarig,Normal,Psychic,"(1,1,0)","(52,33,25)","(231,175,29)",120.0,120.0,png,carré
pineco,Bug,,"(128,130,131)","(115,100,60)","(8,38,82)",120.0,120.0,png,carré
forretress,Bug,Steel,"(231,209,212)","(134,30,27)","(163,148,152)",120.0,120.0,png,carré
dunsparce,Normal,,"(236,232,143)","(74,137,134)","(188,189,190)",120.0,120.0,png,carré
gligar,Ground,Flying,"(131,101,141)","(236,160,206)","(188,187,187)",120.0,120.0,png,carré
steelix,Steel,Ground,"(1,1,1)","(25,62,120)","(156,108,40)",120.0,120.0,png,carré
snubbull,Fairy,,"(229,160,171)","(107,82,81)","(190,188,188)",120.0,120.0,png,carré
granbull,Fairy,,"(203,207,207)","(191,149,84)","(45,84,131)",120.0,120.0,png,carré
qwilfish,Water,Poison,"(213,218,168)","(68,120,116)","(193,192,191)",120.0,120.0,png,carré
scizor,Bug,Steel,"(223,99,95)","(196,202,208)","(123,58,55)",120.0,120.0,png,carré
shuckle,Bug,Rock,"(247,215,60)","(219,212,190)","(183,92,57)",120.0,120.0,png,carré
heracross,Bug,Fighting,"(1,1,0)","(64,97,121)","(189,188,187)",120.0,120.0,png,carré
sneasel,Dark,Ice,"(67,102,126)","(209,209,209)","(203,126,116)",120.0,120.0,png,carré
teddiursa,Normal,,"(242,173,93)","(142,96,50)","(204,206,198)",120.0,120.0,png,carré
ursaring,Normal,,"(173,120,87)","(122,74,52)","(225,222,173)",120.0,120.0,png,carré
slugma,Fire,,"(245,150,98)","(185,176,176)","(178,81,53)",120.0,120.0,png,carré
magcargo,Fire,Rock,"(230,109,78)","(181,183,168)","(116,71,71)",120.0,120.0,png,carré
swinub,Ice,Ground,"(116,118,115)","(65,72,85)","(96,80,32)",120.0,120.0,png,carré
piloswine,Ice,Ground,"(166,167,167)","(1,1,1)","(7,47,100)",120.0,120.0,png,carré
corsola,Water,Rock,"(201,204,203)","(205,166,77)","(32,94,159)",120.0,120.0,png,carré
remoraid,Water,,"(120,122,124)","(124,106,25)","(7,45,100)",120.0,120.0,png,carré
octillery,Water,,"(244,102,77)","(196,195,193)","(177,66,49)",120.0,120.0,png,carré
delibird,Ice,Flying,"(183,178,176)","(172,56,39)","(247,245,247)",120.0,120.0,png,carré
mantine,Water,Flying,"(209,201,210)","(72,95,121)","(208,205,205)",120.0,120.0,png,carré
skarmory,Steel,Flying,"(199,212,212)","(209,138,38)","(14,35,126)",120.0,120.0,png,carré
houndour,Dark,Fire,"(1,1,1)","(82,89,97)","(137,151,154)",120.0,120.0,png,carré
houndoom,Dark,Fire,"(170,177,178)","(10,51,126)","(162,130,47)",120.0,120.0,png,carré
kingdra,Water,Dragon,"(121,130,105)","(194,195,195)","(116,189,225)",120.0,120.0,png,carré
phanpy,Ground,,"(178,181,183)","(1,1,1)","(166,160,114)",120.0,120.0,png,carré
donphan,Ground,,"(197,200,201)","(162,134,64)","(143,150,154)",120.0,120.0,png,carré
porygon2,Normal,,"(230,94,113)","(149,207,229)","(84,122,156)",120.0,120.0,png,carré
stantler,Normal,,"(224,193,142)","(133,105,83)","(186,184,185)",120.0,120.0,png,carré
smeargle,Normal,,"(235,227,210)","(187,187,186)","(135,119,77)",120.0,120.0,png,carré
tyrogue,Fighting,,"(185,196,195)","(190,130,46)","(28,79,143)",120.0,120.0,png,carré
hitmontop,Fighting,,"(209,172,140)","(92,106,124)","(192,193,194)",120.0,120.0,png,carré
smoochum,Ice,Psychic,"(1,0,0)","(152,111,104)","(194,193,195)",120.0,120.0,png,carré
elekid,Electric,,"(1,1,1)","(225,209,109)","(68,63,42)",120.0,120.0,png,carré
magby,Fire,,"(235,122,116)","(219,219,179)","(143,79,74)",120.0,120.0,png,carré
miltank,Normal,,"(1,0,1)","(41,45,51)","(180,155,147)",120.0,120.0,png,carré
blissey,Normal,,"(182,183,181)","(101,125,148)","(166,138,77)",120.0,120.0,png,carré
raikou,Electric,,"(224,212,217)","(246,228,61)","(133,118,101)",120.0,120.0,png,carré
entei,Fire,,"(222,226,198)","(134,138,135)","(134,72,33)",120.0,120.0,png,carré
suicune,Water,,"(186,200,209)","(93,122,141)","(191,192,192)",120.0,120.0,png,carré
larvitar,Rock,Ground,"(157,156,153)","(15,49,121)","(145,48,12)",120.0,120.0,png,carré
pupitar,Rock,Ground,"(1,1,1)","(157,136,73)","(50,74,115)",120.0,120.0,png,carré
tyranitar,Rock,Dark,"(185,203,149)","(104,111,89)","(193,193,193)",120.0,120.0,png,carré
lugia,Psychic,Flying,"(1,1,1)","(227,229,242)","(199,199,201)",120.0,120.0,png,carré
ho-oh,Fire,Flying,"(1,1,1)","(212,215,203)","(115,82,51)",120.0,120.0,png,carré
celebi,Psychic,Grass,"(198,199,198)","(225,237,199)","(114,132,103)",120.0,120.0,png,carré
treecko,Grass,,"(190,190,192)","(119,131,81)","(216,218,137)",120.0,120.0,png,carré
grovyle,Grass,,"(178,188,145)","(195,194,195)","(89,112,81)",120.0,120.0,png,carré
sceptile,Grass,,"(94,125,91)","(159,215,157)","(194,193,194)",120.0,120.0,png,carré
torchic,Fire,,"(247,187,79)","(153,122,68)","(193,192,192)",120.0,120.0,png,carré
combusken,Fire,Fighting,"(191,192,192)","(155,113,80)","(245,213,145)",120.0,120.0,png,carré
blaziken,Fire,Fighting,"(186,99,72)","(243,224,164)","(193,195,196)",120.0,120.0,png,carré
mudkip,Water,,"(170,214,240)","(237,171,74)","(112,145,162)",120.0,120.0,png,carré
marshtomp,Water,Ground,"(224,186,152)","(172,233,236)","(102,130,131)",120.0,120.0,png,carré
swampert,Water,Ground,"(0,1,1)","(92,112,123)","(189,190,191)",120.0,120.0,png,carré
poochyena,Dark,,"(113,119,119)","(65,70,80)","(105,80,16)",120.0,120.0,png,carré
mightyena,Dark,,"(152,152,152)","(103,104,97)","(7,47,116)",120.0,120.0,png,carré
zigzagoon,Normal,,"(132,131,130)","(132,110,45)","(83,94,102)",120.0,120.0,png,carré
linoone,Normal,,"(157,160,160)","(124,125,105)","(9,18,83)",120.0,120.0,png,carré
wurmple,Bug,,"(196,194,193)","(189,110,106)","(236,235,230)",120.0,120.0,png,carré
silcoon,Bug,,"(108,110,111)","(1,1,1)","(111,88,34)",120.0,120.0,png,carré
beautifly,Bug,Flying,"(234,183,80)","(210,218,220)","(94,89,86)",120.0,120.0,png,carré
cascoon,Bug,,"(142,146,143)","(128,96,45)","(57,74,114)",120.0,120.0,png,carré
dustox,Bug,Poison,"(161,164,100)","(90,107,43)","(216,186,191)",120.0,120.0,png,carré
lotad,Water,Grass,"(181,201,196)","(136,178,77)","(71,117,126)",120.0,120.0,png,carré
lombre,Water,Grass,"(145,182,103)","(186,212,201)","(89,122,53)",120.0,120.0,png,carré
ludicolo,Water,Grass,"(188,189,188)","(203,214,154)","(116,125,87)",120.0,120.0,png,carré
seedot,Grass,,"(132,136,137)","(14,32,69)","(111,92,70)",120.0,120.0,png,carré
nuzleaf,Grass,Dark,"(196,174,161)","(115,100,89)","(188,188,188)",120.0,120.0,png,carré
shiftry,Grass,Dark,"(109,119,79)","(203,202,205)","(218,216,220)",120.0,120.0,png,carré
taillow,Normal,Flying,"(191,126,131)","(43,43,67)","(234,237,235)",120.0,120.0,png,carré
swellow,Normal,Flying,"(60,58,89)","(203,154,170)","(187,188,188)",120.0,120.0,png,carré
wingull,Water,Flying,"(227,233,237)","(131,134,143)","(183,182,183)",120.0,120.0,png,carré
pelipper,Water,Flying,"(242,229,167)","(120,143,147)","(189,190,191)",120.0,120.0,png,carré
ralts,Psychic,Fairy,"(153,171,141)","(240,244,241)","(192,192,193)",120.0,120.0,png,carré
kirlia,Psychic,Fairy,"(190,192,191)","(118,143,110)","(208,223,204)",120.0,120.0,png,carré
gardevoir,Psychic,Fairy,"(245,249,245)","(138,166,132)","(191,191,191)",120.0,120.0,png,carré
surskit,Bug,Water,"(95,131,150)","(195,194,193)","(155,197,203)",120.0,120.0,png,carré
masquerain,Bug,Flying,"(203,151,132)","(240,239,238)","(199,202,205)",120.0,120.0,png,carré
shroomish,Grass,,"(155,158,160)","(20,42,80)","(122,97,68)",120.0,120.0,png,carré
breloom,Grass,Fighting,"(203,199,167)","(107,112,87)","(190,188,188)",120.0,120.0,png,carré
slakoth,Normal,,"(139,143,145)","(118,109,91)","(9,37,86)",120.0,120.0,png,carré
vigoroth,Normal,,"(166,168,166)","(149,113,64)","(48,86,121)",120.0,120.0,png,carré
slaking,Normal,,"(190,193,191)","(137,142,148)","(163,111,31)",120.0,120.0,png,carré
nincada,Bug,Ground,"(143,149,149)","(16,33,82)","(143,93,20)",120.0,120.0,png,carré
ninjask,Bug,Flying,"(223,218,203)","(92,76,69)","(187,187,187)",120.0,120.0,png,carré
shedinja,Bug,Ghost,"(178,183,186)","(157,144,114)","(10,41,123)",120.0,120.0,png,carré
whismur,Normal,,"(183,185,187)","(12,60,139)","(160,142,95)",120.0,120.0,png,carré
loudred,Normal,,"(206,195,205)","(138,133,156)","(72,63,70)",120.0,120.0,png,carré
exploud,Normal,,"(189,190,191)","(189,187,211)","(117,112,129)",120.0,120.0,png,carré
makuhita,Fighting,,"(146,131,111)","(248,231,155)","(188,187,186)",120.0,120.0,png,carré
hariyama,Fighting,,"(249,227,155)","(64,71,102)","(204,137,105)",120.0,120.0,png,carré
azurill,Normal,Fairy,"(0,1,0)","(193,176,177)","(42,105,142)",120.0,120.0,png,carré
nosepass,Rock,,"(148,153,155)","(113,112,101)","(13,44,93)",120.0,120.0,png,carré
skitty,Normal,,"(1,1,1)","(209,212,208)","(170,149,86)",120.0,120.0,png,carré
delcatty,Normal,,"(118,89,96)","(208,172,167)","(191,191,190)",120.0,120.0,png,carré
sableye,Dark,Ghost,"(1,1,1)","(177,112,40)","(31,117,167)",120.0,120.0,png,carré
mawile,Steel,Fairy,"(83,83,79)","(233,222,160)","(186,187,187)",120.0,120.0,png,carré
aron,Steel,Rock,"(125,139,140)","(117,98,69)","(29,44,75)",120.0,120.0,png,carré
lairon,Steel,Rock,"(138,140,139)","(96,93,88)","(28,78,115)",120.0,120.0,png,carré
aggron,Steel,Rock,"(1,1,1)","(120,124,123)","(88,53,20)",120.0,120.0,png,carré
meditite,Fighting,Psychic,"(229,229,231)","(78,119,161)","(195,166,92)",120.0,120.0,png,carré
medicham,Fighting,Psychic,"(242,167,175)","(176,96,114)","(190,192,192)",120.0,120.0,png,carré
electrike,Electric,,"(167,169,167)","(41,85,132)","(150,137,94)",120.0,120.0,png,carré
manectric,Electric,,"(248,238,173)","(120,130,124)","(156,196,219)",120.0,120.0,png,carré
plusle,Electric,,"(187,90,92)","(238,232,180)","(188,190,189)",120.0,120.0,png,carré
minun,Electric,,"(0,0,0)","(233,227,183)","(113,197,237)",120.0,120.0,png,carré
volbeat,Bug,,"(205,163,150)","(211,213,220)","(115,78,62)",120.0,120.0,png,carré
illumise,Bug,,"(91,87,95)","(187,196,207)","(199,200,201)",120.0,120.0,png,carré
roselia,Grass,Poison,"(190,190,191)","(97,132,104)","(201,173,170)",120.0,120.0,png,carré
gulpin,Poison,,"(119,121,121)","(129,104,62)","(8,46,90)",120.0,120.0,png,carré
swalot,Poison,,"(201,204,205)","(9,57,125)","(148,138,120)",120.0,120.0,png,carré
carvanha,Water,Dark,"(189,137,102)","(38,112,166)","(196,198,193)",120.0,120.0,png,carré
sharpedo,Water,Dark,"(24,103,149)","(210,206,207)","(186,188,190)",120.0,120.0,png,carré
wailmer,Water,,"(242,243,242)","(1,1,1)","(135,140,148)",120.0,120.0,png,carré
wailord,Water,,"(85,185,234)","(248,246,238)","(71,119,145)",120.0,120.0,png,carré
numel,Fire,Ground,"(244,232,172)","(167,150,106)","(187,185,185)",120.0,120.0,png,carré
camerupt,Fire,Ground,"(238,151,123)","(129,99,92)","(230,228,225)",120.0,120.0,png,carré
torkoal,Fire,,"(153,119,100)","(228,192,165)","(191,189,186)",120.0,120.0,png,carré
spoink,Psychic,,"(74,78,78)","(87,74,35)","(109,115,114)",120.0,120.0,png,carré
grumpig,Psychic,,"(153,158,161)","(7,30,69)","(109,107,104)",120.0,120.0,png,carré
spinda,Normal,,"(113,149,188)","(230,237,236)","(201,153,83)",120.0,120.0,png,carré
trapinch,Ground,,"(186,186,186)","(176,136,69)","(53,85,137)",120.0,120.0,png,carré
vibrava,Ground,Dragon,"(185,179,184)","(62,86,63)","(172,214,140)",120.0,120.0,png,carré
flygon,Ground,Dragon,"(134,105,90)","(221,221,222)","(184,215,156)",120.0,120.0,png,carré
cacnea,Grass,,"(0,1,1)","(83,114,77)","(187,188,188)",120.0,120.0,png,carré
cacturne,Grass,Dark,"(204,225,173)","(100,138,101)","(196,194,195)",120.0,120.0,png,carré
swablu,Normal,Flying,"(234,241,247)","(108,158,181)","(189,190,191)",120.0,120.0,png,carré
altaria,Dragon,Flying,"(239,244,249)","(108,161,185)","(189,189,190)",120.0,120.0,png,carré
zangoose,Normal,,"(171,111,120)","(233,233,235)","(195,197,197)",120.0,120.0,png,carré
seviper,Poison,,"(1,1,1)","(188,188,188)","(216,190,141)",120.0,120.0,png,carré
lunatone,Rock,Psychic,"(1,1,1)","(47,64,88)","(118,81,29)",120.0,120.0,png,carré
solrock,Rock,Psychic,"(184,116,60)","(187,185,183)","(242,229,142)",120.0,120.0,png,carré
barboach,Water,Ground,"(89,123,139)","(175,214,228)","(195,197,197)",120.0,120.0,png,carré
whiscash,Water,Ground,"(48,66,108)","(152,177,166)","(199,197,195)",120.0,120.0,png,carré
corphish,Water,,"(188,190,190)","(204,108,76)","(223,209,192)",120.0,120.0,png,carré
crawdaunt,Water,Dark,"(182,83,77)","(193,193,180)","(62,41,40)",120.0,120.0,png,carré
baltoy,Ground,Psychic,"(182,190,189)","(171,135,64)","(22,52,114)",120.0,120.0,png,carré
claydol,Ground,Psychic,"(197,204,222)","(89,89,92)","(220,216,148)",120.0,120.0,png,carré
lileep,Rock,Grass,"(211,179,187)","(99,86,96)","(188,187,187)",120.0,120.0,png,carré
cradily,Rock,Grass,"(206,193,166)","(108,107,88)","(189,188,189)",120.0,120.0,png,carré
anorith,Rock,Bug,"(84,83,78)","(193,191,191)","(175,183,170)",120.0,120.0,png,carré
armaldo,Rock,Bug,"(144,134,139)","(79,76,82)","(190,205,214)",120.0,120.0,png,carré
feebas,Water,,"(117,112,107)","(223,202,167)","(194,196,195)",120.0,120.0,png,carré
milotic,Water,,"(235,220,198)","(137,112,112)","(197,197,197)",120.0,120.0,png,carré
castform,Normal,,"(66,68,68)","(2,10,30)","(63,45,22)",120.0,120.0,png,carré
kecleon,Normal,,"(0,0,0)","(130,134,88)","(191,190,188)",120.0,120.0,png,carré
shuppet,Ghost,,"(120,78,33)","(127,131,132)","(18,37,78)",120.0,120.0,png,carré
banette,Ghost,,"(1,1,1)","(52,83,105)","(136,118,66)",120.0,120.0,png,carré
duskull,Ghost,,"(67,74,87)","(122,122,120)","(88,56,20)",120.0,120.0,png,carré
dusclops,Ghost,,"(1,1,1)","(72,77,82)","(90,67,29)",120.0,120.0,png,carré
tropius,Grass,Flying,"(83,150,92)","(176,185,179)","(199,175,148)",120.0,120.0,png,carré
chimecho,Psychic,,"(198,220,227)","(171,114,112)","(195,196,195)",120.0,120.0,png,carré
absol,Dark,,"(205,209,213)","(18,52,114)","(199,170,99)",120.0,120.0,png,carré
wynaut,Psychic,,"(151,163,163)","(1,1,1)","(11,30,83)",120.0,120.0,png,carré
snorunt,Ice,,"(186,143,101)","(245,235,175)","(64,63,57)",120.0,120.0,png,carré
glalie,Ice,,"(134,122,105)","(192,196,195)","(69,93,144)",120.0,120.0,png,carré
spheal,Ice,Water,"(163,180,201)","(100,110,124)","(250,245,220)",120.0,120.0,png,carré
sealeo,Ice,Water,"(241,237,222)","(133,146,148)","(86,190,240)",120.0,120.0,png,carré
walrein,Ice,Water,"(112,172,196)","(243,240,237)","(63,112,130)",120.0,120.0,png,carré
clamperl,Water,,"(137,133,134)","(86,86,87)","(198,203,209)",120.0,120.0,png,carré
huntail,Water,,"(172,217,231)","(172,135,108)","(192,193,194)",120.0,120.0,png,carré
gorebyss,Water,,"(194,201,200)","(176,87,25)","(7,48,131)",120.0,120.0,png,carré
relicanth,Water,Rock,"(119,122,121)","(104,73,17)","(7,17,61)",120.0,120.0,png,carré
luvdisc,Water,,"(100,101,100)","(23,54,86)","(83,34,12)",120.0,120.0,png,carré
bagon,Dragon,,"(1,1,1)","(153,132,112)","(178,184,185)",120.0,120.0,png,carré
shelgon,Dragon,,"(1,1,1)","(81,91,98)","(104,51,11)",120.0,120.0,png,carré
salamence,Dragon,Flying,"(128,76,90)","(110,186,209)","(193,193,193)",120.0,120.0,png,carré
beldum,Steel,Psychic,"(1,1,1)","(88,51,17)","(78,79,84)",120.0,120.0,png,carré
metang,Steel,Psychic,"(103,156,177)","(40,74,86)","(220,217,217)",120.0,120.0,png,carré
metagross,Steel,Psychic,"(115,165,183)","(54,87,100)","(143,167,175)",120.0,120.0,png,carré
regirock,Rock,,"(179,147,134)","(223,211,208)","(116,83,71)",120.0,120.0,png,carré
regice,Ice,,"(88,144,195)","(154,227,252)","(189,189,190)",120.0,120.0,png,carré
registeel,Steel,,"(173,176,173)","(100,110,123)","(143,94,40)",120.0,120.0,png,carré
latias,Dragon,Psychic,"(163,92,99)","(204,199,217)","(196,198,198)",120.0,120.0,png,carré
latios,Dragon,Psychic,"(196,192,195)","(57,115,161)","(198,196,195)",120.0,120.0,png,carré
kyogre,Water,,"(49,119,189)","(214,224,235)","(91,46,76)",120.0,120.0,png,carré
groudon,Ground,,"(198,36,25)","(223,225,227)","(117,104,96)",120.0,120.0,png,carré
rayquaza,Dragon,Flying,"(123,173,132)","(211,208,210)","(61,84,64)",120.0,120.0,png,carré
jirachi,Steel,Psychic,"(246,238,171)","(136,151,127)","(192,193,194)",120.0,120.0,png,carré
deoxys-normal,Psychic,,"(221,137,80)","(190,190,191)","(86,149,165)",120.0,120.0,png,carré
turtwig,Grass,,"(204,216,135)","(109,135,73)","(194,193,192)",120.0,120.0,png,carré
grotle,Grass,,"(67,123,55)","(194,188,78)","(195,195,194)",120.0,120.0,png,carré
torterra,Grass,Ground,"(156,124,82)","(45,117,53)","(207,206,206)",120.0,120.0,png,carré
chimchar,Fire,,"(240,226,160)","(174,114,42)","(204,202,200)",120.0,120.0,png,carré
monferno,Fire,Fighting,"(105,101,87)","(228,144,43)","(217,203,182)",120.0,120.0,png,carré
infernape,Fire,Fighting,"(224,132,51)","(93,85,81)","(217,213,206)",120.0,120.0,png,carré
piplup,Water,,"(161,179,159)","(231,246,246)","(54,115,170)",120.0,120.0,png,carré
prinplup,Water,,"(0,1,1)","(164,196,204)","(200,161,13)",120.0,120.0,png,carré
empoleon,Water,Steel,"(35,47,52)","(238,241,237)","(150,155,143)",120.0,120.0,png,carré
starly,Normal,Flying,"(157,158,159)","(1,1,1)","(67,80,96)",120.0,120.0,png,carré
staravia,Normal,Flying,"(156,125,101)","(209,208,207)","(67,61,50)",120.0,120.0,png,carré
staraptor,Normal,Flying,"(224,223,222)","(65,60,49)","(161,133,113)",120.0,120.0,png,carré
bidoof,Normal,,"(144,141,141)","(183,185,189)","(37,60,98)",120.0,120.0,png,carré
bibarel,Normal,Water,"(179,135,70)","(100,80,57)","(231,223,184)",120.0,120.0,png,carré
kricketot,Bug,,"(181,118,86)","(228,225,186)","(90,62,51)",120.0,120.0,png,carré
kricketune,Bug,,"(228,116,74)","(97,74,68)","(190,190,191)",120.0,120.0,png,carré
shinx,Electric,,"(146,196,214)","(69,80,77)","(221,175,16)",120.0,120.0,png,carré
luxio,Electric,,"(0,1,0)","(145,188,203)","(213,166,15)",120.0,120.0,png,carré
luxray,Electric,,"(69,64,61)","(192,193,191)","(149,172,145)",120.0,120.0,png,carré
budew,Grass,Poison,"(191,192,191)","(97,139,55)","(212,233,117)",120.0,120.0,png,carré
roserade,Grass,Poison,"(75,105,104)","(233,237,244)","(163,154,159)",120.0,120.0,png,carré
cranidos,Rock,,"(157,158,159)","(154,131,76)","(15,65,117)",120.0,120.0,png,carré
rampardos,Rock,,"(113,129,146)","(221,220,219)","(81,81,84)",120.0,120.0,png,carré
shieldon,Rock,Steel,"(86,96,107)","(142,128,83)","(155,158,160)",120.0,120.0,png,carré
bastiodon,Rock,Steel,"(107,105,106)","(190,201,203)","(146,150,145)",120.0,120.0,png,carré
burmy,Bug,,"(150,156,156)","(121,125,105)","(11,51,102)",120.0,120.0,png,carré
wormadam-plant,Bug,Grass,"(42,89,41)","(201,201,203)","(97,147,83)",120.0,120.0,png,carré
mothim,Bug,Flying,"(1,1,1)","(166,95,39)","(236,206,111)",120.0,120.0,png,carré
combee,Bug,Flying,"(160,108,44)","(217,217,216)","(245,208,51)",120.0,120.0,png,carré
vespiquen,Bug,Flying,"(0,1,1)","(90,78,64)","(235,196,54)",120.0,120.0,png,carré
pachirisu,Electric,,"(15,67,148)","(170,179,185)","(150,141,121)",120.0,120.0,png,carré
buizel,Water,,"(240,153,63)","(155,96,51)","(214,214,185)",120.0,120.0,png,carré
floatzel,Water,,"(247,192,47)","(224,225,185)","(169,108,55)",120.0,120.0,png,carré
cherubi,Grass,,"(231,93,116)","(38,122,46)","(187,184,186)",120.0,120.0,png,carré
cherrim,Grass,,"(113,69,115)","(45,185,58)","(184,177,180)",120.0,120.0,png,carré
shellos,Water,,"(225,191,194)","(181,121,121)","(197,200,201)",120.0,120.0,png,carré
gastrodon,Water,Ground,"(0,1,0)","(221,156,160)","(138,104,59)",120.0,120.0,png,carré
ambipom,Normal,,"(0,0,0)","(242,200,152)","(190,192,191)",120.0,120.0,png,carré
drifloon,Ghost,Flying,"(205,180,181)","(214,213,214)","(122,103,114)",120.0,120.0,png,carré
drifblim,Ghost,Flying,"(210,201,213)","(142,115,150)","(222,185,58)",120.0,120.0,png,carré
buneary,Normal,,"(191,199,201)","(189,164,96)","(11,50,122)",120.0,120.0,png,carré
lopunny,Normal,,"(161,115,80)","(244,227,166)","(190,190,190)",120.0,120.0,png,carré
mismagius,Ghost,,"(152,104,157)","(87,57,93)","(189,185,187)",120.0,120.0,png,carré
honchkrow,Dark,Flying,"(158,167,173)","(235,232,226)","(50,74,101)",120.0,120.0,png,carré
glameow,Normal,,"(183,184,194)","(101,104,114)","(186,186,186)",120.0,120.0,png,carré
purugly,Normal,,"(95,93,104)","(245,245,244)","(166,162,177)",120.0,120.0,png,carré
chingling,Psychic,,"(244,230,67)","(201,201,202)","(145,86,66)",120.0,120.0,png,carré
stunky,Poison,Dark,"(86,63,93)","(192,191,191)","(242,239,218)",120.0,120.0,png,carré
skuntank,Poison,Dark,"(93,68,99)","(237,228,202)","(195,195,193)",120.0,120.0,png,carré
bronzor,Steel,Psychic,"(125,127,127)","(8,27,83)","(111,71,41)",120.0,120.0,png,carré
bronzong,Steel,Psychic,"(79,125,127)","(185,186,185)","(136,202,199)",120.0,120.0,png,carré
bonsly,Rock,,"(189,188,191)","(83,125,85)","(193,153,88)",120.0,120.0,png,carré
mime-jr,Psychic,Fairy,"(199,209,204)","(130,111,95)","(10,52,108)",120.0,120.0,png,carré
happiny,Normal,,"(102,98,87)","(132,137,139)","(4,22,76)",120.0,120.0,png,carré
chatot,Normal,Flying,"(56,92,94)","(226,226,227)","(208,163,89)",120.0,120.0,png,carré
spiritomb,Ghost,Dark,"(90,146,62)","(206,191,200)","(207,134,171)",120.0,120.0,png,carré
gible,Dragon,Ground,"(104,150,165)","(114,69,58)","(213,179,175)",120.0,120.0,png,carré
gabite,Dragon,Ground,"(100,109,152)","(189,80,41)","(198,198,202)",120.0,120.0,png,carré
garchomp,Dragon,Ground,"(218,122,59)","(84,90,123)","(207,207,205)",120.0,120.0,png,carré
munchlax,Normal,,"(140,144,152)","(156,130,74)","(212,226,231)",120.0,120.0,png,carré
riolu,Fighting,,"(179,185,184)","(155,95,42)","(15,53,119)",120.0,120.0,png,carré
lucario,Fighting,Steel,"(79,82,83)","(144,183,194)","(193,193,192)",120.0,120.0,png,carré
hippopotas,Ground,,"(225,231,232)","(194,149,118)","(97,114,144)",120.0,120.0,png,carré
hippowdon,Ground,,"(153,153,159)","(220,224,222)","(132,126,111)",120.0,120.0,png,carré
skorupi,Poison,Bug,"(91,98,131)","(190,199,227)","(190,189,190)",120.0,120.0,png,carré
drapion,Poison,Dark,"(1,1,1)","(123,70,115)","(199,193,198)",120.0,120.0,png,carré
croagunk,Poison,Fighting,"(71,74,80)","(210,195,172)","(104,135,203)",120.0,120.0,png,carré
toxicroak,Poison,Fighting,"(104,145,195)","(143,87,83)","(195,195,194)",120.0,120.0,png,carré
carnivine,Grass,,"(140,143,76)","(192,193,191)","(218,239,148)",120.0,120.0,png,carré
finneon,Water,,"(0,1,0)","(183,182,192)","(197,200,199)",120.0,120.0,png,carré
lumineon,Water,,"(172,222,221)","(48,70,77)","(174,181,183)",120.0,120.0,png,carré
mantyke,Water,Flying,"(36,102,162)","(163,197,213)","(199,197,194)",120.0,120.0,png,carré
snover,Grass,Ice,"(221,227,229)","(179,172,155)","(9,44,117)",120.0,120.0,png,carré
abomasnow,Grass,Ice,"(245,247,249)","(110,148,142)","(182,187,187)",120.0,120.0,png,carré
weavile,Dark,Ice,"(0,0,1)","(69,101,123)","(206,206,202)",120.0,120.0,png,carré
magnezone,Electric,Steel,"(153,157,156)","(82,76,70)","(224,234,238)",120.0,120.0,png,carré
lickilicky,Normal,,"(181,109,110)","(251,173,176)","(189,190,189)",120.0,120.0,png,carré
rhyperior,Ground,Rock,"(181,161,167)","(225,107,16)","(112,91,90)",120.0,120.0,png,carré
tangrowth,Grass,,"(1,1,1)","(75,88,102)","(208,178,163)",120.0,120.0,png,carré
electivire,Electric,,"(160,143,95)","(246,231,145)","(45,46,44)",120.0,120.0,png,carré
magmortar,Fire,,"(242,150,64)","(192,191,192)","(130,72,41)",120.0,120.0,png,carré
togekiss,Fairy,Flying,"(162,165,166)","(132,104,69)","(17,51,100)",120.0,120.0,png,carré
yanmega,Bug,Flying,"(205,199,198)","(61,64,47)","(152,135,98)",120.0,120.0,png,carré
leafeon,Grass,,"(206,222,170)","(127,132,88)","(191,190,188)",120.0,120.0,png,carré
glaceon,Ice,,"(0,0,0)","(199,230,230)","(179,184,184)",120.0,120.0,png,carré
gliscor,Ground,Flying,"(94,83,87)","(187,188,188)","(174,179,217)",120.0,120.0,png,carré
mamoswine,Ice,Ground,"(136,102,55)","(231,220,206)","(190,190,191)",120.0,120.0,png,carré
porygon-z,Normal,,"(0,1,1)","(69,151,185)","(209,98,102)",120.0,120.0,png,carré
gallade,Psychic,Fighting,"(226,231,233)","(61,133,90)","(194,192,193)",120.0,120.0,png,carré
probopass,Rock,Steel,"(1,0,0)","(139,173,210)","(225,116,104)",120.0,120.0,png,carré
dusknoir,Ghost,,"(131,125,106)","(206,206,182)","(61,60,53)",120.0,120.0,png,carré
froslass,Ice,Ghost,"(224,234,236)","(131,109,115)","(191,191,190)",120.0,120.0,png,carré
rotom,Electric,Ghost,"(169,187,181)","(136,87,50)","(31,73,127)",120.0,120.0,png,carré
uxie,Psychic,,"(137,131,116)","(229,229,179)","(191,191,193)",120.0,120.0,png,carré
mesprit,Psychic,,"(222,181,209)","(191,192,192)","(136,115,128)",120.0,120.0,png,carré
azelf,Psychic,,"(154,205,226)","(194,194,195)","(107,120,127)",120.0,120.0,png,carré
dialga,Steel,Dragon,"(1,1,1)","(59,86,123)","(181,184,186)",120.0,120.0,png,carré
palkia,Water,Dragon,"(185,174,185)","(248,245,248)","(111,86,111)",120.0,120.0,png,carré
heatran,Fire,Steel,"(161,149,137)","(106,56,40)","(223,221,220)",120.0,120.0,png,carré
regigigas,Normal,,"(1,1,1)","(61,100,73)","(220,204,117)",120.0,120.0,png,carré
giratina-altered,Ghost,Dragon,"(1,1,1)","(70,63,58)","(174,140,108)",120.0,120.0,png,carré
cresselia,Psychic,,"(240,203,206)","(158,129,116)","(236,222,231)",120.0,120.0,png,carré
phione,Water,,"(116,212,237)","(192,191,189)","(77,129,150)",120.0,120.0,png,carré
manaphy,Water,,"(122,218,239)","(105,137,132)","(196,195,194)",120.0,120.0,png,carré
darkrai,Dark,,"(174,179,179)","(17,52,120)","(149,109,53)",120.0,120.0,png,carré
shaymin-land,Grass,,"(68,116,57)","(186,201,119)","(236,212,212)",120.0,120.0,png,carré
arceus,Normal,,"(237,237,235)","(141,138,102)","(192,191,190)",120.0,120.0,png,carré
victini,Psychic,Fire,"(175,123,82)","(233,226,172)","(193,194,196)",120.0,120.0,png,carré
snivy,Grass,,"(195,193,193)","(232,227,166)","(96,153,73)",120.0,120.0,png,carré
servine,Grass,,"(100,156,74)","(229,223,157)","(191,192,189)",120.0,120.0,png,carré
serperior,Grass,,"(172,196,147)","(22,115,59)","(212,210,212)",120.0,120.0,png,carré
tepig,Fire,,"(233,131,61)","(76,55,46)","(191,189,189)",120.0,120.0,png,carré
pignite,Fire,Fighting,"(91,65,54)","(239,150,61)","(194,194,194)",120.0,120.0,png,carré
emboar,Fire,Fighting,"(233,165,59)","(66,50,43)","(207,205,205)",120.0,120.0,png,carré
oshawott,Water,,"(96,123,130)","(231,239,238)","(183,185,187)",120.0,120.0,png,carré
dewott,Water,,"(160,215,215)","(66,95,121)","(193,193,192)",120.0,120.0,png,carré
samurott,Water,,"(0,1,1)","(64,98,141)","(200,199,198)",120.0,120.0,png,carré
patrat,Normal,,"(142,104,66)","(233,208,177)","(188,188,186)",120.0,120.0,png,carré
watchog,Normal,,"(130,60,46)","(216,208,199)","(245,198,31)",120.0,120.0,png,carré
lillipup,Normal,,"(244,209,151)","(149,108,80)","(187,186,182)",120.0,120.0,png,carré
herdier,Normal,,"(232,186,142)","(85,77,87)","(188,186,185)",120.0,120.0,png,carré
stoutland,Normal,,"(80,79,86)","(253,247,209)","(191,174,148)",120.0,120.0,png,carré
purrloin,Dark,,"(106,79,117)","(191,192,191)","(226,200,182)",120.0,120.0,png,carré
liepard,Dark,,"(228,191,87)","(193,193,190)","(110,80,117)",120.0,120.0,png,carré
pansage,Grass,,"(66,164,100)","(208,212,150)","(186,186,187)",120.0,120.0,png,carré
simisage,Grass,,"(71,157,99)","(218,218,160)","(205,204,203)",120.0,120.0,png,carré
pansear,Fire,,"(211,116,86)","(244,229,146)","(187,185,184)",120.0,120.0,png,carré
simisear,Fire,,"(202,115,85)","(188,189,189)","(246,235,174)",120.0,120.0,png,carré
panpour,Water,,"(78,181,211)","(188,185,185)","(217,199,130)",120.0,120.0,png,carré
simipour,Water,,"(97,127,122)","(78,200,236)","(232,220,158)",120.0,120.0,png,carré
munna,Psychic,,"(164,166,169)","(153,103,39)","(22,73,133)",120.0,120.0,png,carré
musharna,Psychic,,"(253,198,210)","(159,135,171)","(194,198,197)",120.0,120.0,png,carré
pidove,Normal,Flying,"(178,187,187)","(152,134,81)","(71,75,106)",120.0,120.0,png,carré
tranquill,Normal,Flying,"(167,157,157)","(60,51,55)","(245,246,247)",120.0,120.0,png,carré
unfezant,Normal,Flying,"(196,196,196)","(169,152,154)","(65,84,73)",120.0,120.0,png,carré
blitzle,Electric,,"(126,135,134)","(2,26,99)","(130,78,19)",120.0,120.0,png,carré
zebstrika,Electric,,"(150,153,154)","(144,92,39)","(16,65,118)",120.0,120.0,png,carré
roggenrola,Rock,,"(1,31,67)","(158,174,179)","(116,110,104)",120.0,120.0,png,carré
boldore,Rock,,"(40,49,77)","(184,89,49)","(185,186,187)",120.0,120.0,png,carré
gigalith,Rock,,"(62,61,86)","(205,87,68)","(179,174,174)",120.0,120.0,png,carré
woobat,Psychic,Flying,"(12,44,120)","(128,118,99)","(189,194,196)",120.0,120.0,png,carré
swoobat,Psychic,Flying,"(145,173,202)","(52,57,64)","(213,213,212)",120.0,120.0,png,carré
drilbur,Ground,,"(179,183,182)","(125,125,119)","(13,44,105)",120.0,120.0,png,carré
excadrill,Ground,Steel,"(118,122,127)","(188,196,197)","(128,60,21)",120.0,120.0,png,carré
audino,Normal,,"(245,204,190)","(166,133,132)","(191,192,191)",120.0,120.0,png,carré
timburr,Fighting,,"(219,194,168)","(136,102,82)","(189,189,188)",120.0,120.0,png,carré
gurdurr,Fighting,,"(163,127,134)","(96,37,46)","(227,201,195)",120.0,120.0,png,carré
conkeldurr,Fighting,,"(177,166,164)","(116,92,85)","(192,193,193)",120.0,120.0,png,carré
tympole,Water,,"(153,157,150)","(113,89,49)","(74,93,115)",120.0,120.0,png,carré
palpitoad,Water,Ground,"(68,141,195)","(202,225,203)","(82,81,80)",120.0,120.0,png,carré
seismitoad,Water,Ground,"(66,142,200)","(84,84,84)","(153,211,214)",120.0,120.0,png,carré
throh,Fighting,,"(179,139,130)","(244,244,237)","(84,61,59)",120.0,120.0,png,carré
sawk,Fighting,,"(91,134,161)","(184,218,218)","(40,45,54)",120.0,120.0,png,carré
sewaddle,Bug,Grass,"(121,141,43)","(218,216,215)","(244,220,92)",120.0,120.0,png,carré
swadloon,Bug,Grass,"(178,219,59)","(90,132,40)","(183,186,179)",120.0,120.0,png,carré
leavanny,Bug,Grass,"(184,200,68)","(79,125,43)","(192,192,186)",120.0,120.0,png,carré
venipede,Bug,Poison,"(238,106,139)","(97,63,65)","(193,193,193)",120.0,120.0,png,carré
whirlipede,Bug,Poison,"(191,169,196)","(102,90,94)","(195,195,195)",120.0,120.0,png,carré
scolipede,Bug,Poison,"(170,76,102)","(207,207,206)","(78,61,63)",120.0,120.0,png,carré
cottonee,Grass,Fairy,"(223,241,214)","(126,185,121)","(190,190,190)",120.0,120.0,png,carré
whimsicott,Grass,Fairy,"(222,225,225)","(1,1,1)","(126,139,157)",120.0,120.0,png,carré
petilil,Grass,,"(230,241,160)","(101,145,81)","(193,193,194)",120.0,120.0,png,carré
lilligant,Grass,,"(122,134,71)","(214,220,138)","(191,191,191)",120.0,120.0,png,carré
basculin-red-striped,Water,,"(103,149,103)","(230,233,229)","(194,194,193)",120.0,120.0,png,carré
sandile,Ground,Dark,"(1,1,1)","(183,189,186)","(75,93,126)",120.0,120.0,png,carré
krokorok,Ground,Dark,"(77,67,59)","(203,160,121)","(189,189,190)",120.0,120.0,png,carré
krookodile,Ground,Dark,"(176,109,119)","(198,203,214)","(70,50,50)",120.0,120.0,png,carré
darumaka,Fire,,"(148,68,55)","(224,115,92)","(218,213,174)",120.0,120.0,png,carré
darmanitan-standard,Fire,,"(169,71,55)","(239,188,133)","(210,211,211)",120.0,120.0,png,carré
maractus,Grass,,"(65,101,81)","(158,194,116)","(207,207,208)",120.0,120.0,png,carré
dwebble,Bug,Rock,"(172,178,176)","(122,121,117)","(12,49,117)",120.0,120.0,png,carré
crustle,Bug,Rock,"(158,130,95)","(80,63,48)","(189,190,190)",120.0,120.0,png,carré
scraggy,Dark,Fighting,"(248,233,153)","(183,135,83)","(190,189,191)",120.0,120.0,png,carré
scrafty,Dark,Fighting,"(148,105,74)","(239,175,109)","(189,191,190)",120.0,120.0,png,carré
sigilyph,Psychic,Flying,"(216,157,80)","(66,74,67)","(167,190,202)",120.0,120.0,png,carré
yamask,Ghost,,"(82,92,103)","(146,150,155)","(99,44,13)",120.0,120.0,png,carré
cofagrigus,Ghost,,"(1,1,2)","(189,165,88)","(198,199,201)",120.0,120.0,png,carré
tirtouga,Water,Rock,"(123,126,129)","(129,92,48)","(175,182,182)",120.0,120.0,png,carré
carracosta,Water,Rock,"(70,86,108)","(116,164,206)","(192,191,192)",120.0,120.0,png,carré
archen,Rock,Flying,"(196,198,199)","(217,137,105)","(78,94,111)",120.0,120.0,png,carré
archeops,Rock,Flying,"(228,180,119)","(43,116,134)","(187,189,189)",120.0,120.0,png,carré
trubbish,Poison,,"(151,154,152)","(101,115,119)","(111,55,22)",120.0,120.0,png,carré
garbodor,Poison,,"(206,185,161)","(111,122,102)","(191,192,191)",120.0,120.0,png,carré
zorua,Dark,,"(76,46,64)","(196,198,198)","(114,102,130)",120.0,120.0,png,carré
zoroark,Dark,,"(73,58,71)","(195,197,198)","(191,51,67)",120.0,120.0,png,carré
minccino,Normal,,"(145,148,150)","(138,120,77)","(12,41,107)",120.0,120.0,png,carré
cinccino,Normal,,"(152,153,152)","(144,88,31)","(41,75,122)",120.0,120.0,png,carré
gothita,Psychic,,"(172,182,184)","(120,92,62)","(11,38,106)",120.0,120.0,png,carré
gothorita,Psychic,,"(115,111,101)","(184,197,193)","(14,49,124)",120.0,120.0,png,carré
gothitelle,Psychic,,"(113,115,120)","(191,213,204)","(120,95,56)",120.0,120.0,png,carré
solosis,Psychic,,"(210,237,185)","(177,219,187)","(137,167,132)",120.0,120.0,png,carré
duosion,Psychic,,"(175,224,183)","(136,169,132)","(212,240,192)",120.0,120.0,png,carré
reuniclus,Psychic,,"(1,1,1)","(214,232,185)","(140,153,122)",120.0,120.0,png,carré
ducklett,Water,Flying,"(123,153,140)","(197,235,233)","(189,188,184)",120.0,120.0,png,carré
swanna,Water,Flying,"(214,227,237)","(194,196,198)","(121,132,139)",120.0,120.0,png,carré
vanillite,Ice,,"(126,148,175)","(245,245,248)","(185,186,188)",120.0,120.0,png,carré
vanillish,Ice,,"(195,193,194)","(238,238,245)","(111,152,188)",120.0,120.0,png,carré
vanilluxe,Ice,,"(0,1,1)","(233,235,245)","(113,150,184)",120.0,120.0,png,carré
deerling,Normal,Grass,"(240,199,190)","(163,135,81)","(189,187,190)",120.0,120.0,png,carré
sawsbuck,Normal,Grass,"(1,1,0)","(229,203,127)","(187,184,183)",120.0,120.0,png,carré
emolga,Electric,Flying,"(241,238,238)","(64,61,61)","(184,172,136)",120.0,120.0,png,carré
karrablast,Bug,,"(77,84,79)","(37,140,209)","(211,182,90)",120.0,120.0,png,carré
escavalier,Bug,Steel,"(220,210,194)","(179,99,98)","(187,187,187)",120.0,120.0,png,carré
foongus,Grass,Poison,"(156,160,158)","(102,92,76)","(5,26,96)",120.0,120.0,png,carré
amoonguss,Grass,Poison,"(0,1,0)","(82,65,53)","(193,142,148)",120.0,120.0,png,carré
frillish,Water,Ghost,"(177,229,237)","(115,147,160)","(199,198,199)",120.0,120.0,png,carré
jellicent,Water,Ghost,"(195,227,246)","(106,156,182)","(196,194,193)",120.0,120.0,png,carré
alomomola,Water,,"(1,1,1)","(157,99,27)","(15,45,96)",120.0,120.0,png,carré
joltik,Bug,Electric,"(242,229,99)","(111,113,100)","(191,190,192)",120.0,120.0,png,carré
galvantula,Bug,Electric,"(126,115,100)","(243,230,131)","(194,194,196)",120.0,120.0,png,carré
ferroseed,Grass,Steel,"(127,157,125)","(47,67,40)","(226,227,229)",120.0,120.0,png,carré
ferrothorn,Grass,Steel,"(230,235,233)","(60,87,58)","(132,181,140)",120.0,120.0,png,carré
klink,Steel,,"(190,196,193)","(155,125,95)","(21,71,141)",120.0,120.0,png,carré
klang,Steel,,"(219,223,219)","(75,141,200)","(176,153,123)",120.0,120.0,png,carré
klinklang,Steel,,"(148,162,164)","(64,77,75)","(236,238,242)",120.0,120.0,png,carré
tynamo,Electric,,"(105,105,104)","(45,63,76)","(99,72,42)",120.0,120.0,png,carré
eelektrik,Electric,,"(0,0,0)","(222,189,143)","(187,190,193)",120.0,120.0,png,carré
eelektross,Electric,,"(63,76,94)","(195,195,194)","(200,172,137)",120.0,120.0,png,carré
elgyem,Psychic,,"(171,173,170)","(172,117,40)","(43,74,115)",120.0,120.0,png,carré
beheeyem,Psychic,,"(219,175,158)","(109,92,78)","(189,190,190)",120.0,120.0,png,carré
litwick,Ghost,Fire,"(241,243,245)","(138,146,184)","(187,188,190)",120.0,120.0,png,carré
lampent,Ghost,Fire,"(105,117,128)","(124,88,29)","(194,201,199)",120.0,120.0,png,carré
chandelure,Ghost,Fire,"(49,46,51)","(186,185,188)","(151,164,216)",120.0,120.0,png,carré
axew,Dragon,,"(1,1,1)","(129,128,112)","(154,168,173)",120.0,120.0,png,carré
fraxure,Dragon,,"(1,1,0)","(214,212,212)","(127,142,112)",120.0,120.0,png,carré
haxorus,Dragon,,"(85,70,55)","(169,148,40)","(193,192,194)",120.0,120.0,png,carré
cubchoo,Ice,,"(171,175,176)","(37,78,149)","(162,119,60)",120.0,120.0,png,carré
beartic,Ice,,"(2,1,1)","(211,169,92)","(42,84,143)",120.0,120.0,png,carré
cryogonal,Ice,,"(95,127,165)","(185,218,237)","(42,53,71)",120.0,120.0,png,carré
shelmet,Bug,,"(173,177,173)","(178,146,87)","(65,80,107)",120.0,120.0,png,carré
accelgor,Bug,,"(84,81,93)","(241,113,138)","(148,171,182)",120.0,120.0,png,carré
stunfisk,Ground,Electric,"(0,0,1)","(113,91,71)","(193,193,194)",120.0,120.0,png,carré
mienfoo,Fighting,,"(245,240,148)","(186,103,108)","(187,185,186)",120.0,120.0,png,carré
mienshao,Fighting,,"(228,220,224)","(142,125,139)","(187,187,186)",120.0,120.0,png,carré
druddigon,Dragon,,"(1,1,1)","(5,104,143)","(174,75,78)",120.0,120.0,png,carré
golett,Ground,Ghost,"(72,99,93)","(102,181,192)","(210,191,141)",120.0,120.0,png,carré
golurk,Ground,Ghost,"(1,1,1)","(73,111,107)","(111,189,196)",120.0,120.0,png,carré
pawniard,Dark,Steel,"(105,77,74)","(219,220,221)","(186,187,187)",120.0,120.0,png,carré
bisharp,Dark,Steel,"(165,113,101)","(214,213,211)","(96,46,45)",120.0,120.0,png,carré
bouffalant,Normal,,"(0,0,1)","(105,87,66)","(199,199,199)",120.0,120.0,png,carré
rufflet,Normal,Flying,"(242,241,226)","(127,114,121)","(189,189,189)",120.0,120.0,png,carré
braviary,Normal,Flying,"(80,65,76)","(222,214,181)","(181,182,183)",120.0,120.0,png,carré
vullaby,Dark,Flying,"(128,126,121)","(191,199,197)","(8,42,110)",120.0,120.0,png,carré
mandibuzz,Dark,Flying,"(97,81,76)","(206,177,156)","(192,193,193)",120.0,120.0,png,carré
heatmor,Fire,,"(123,78,59)","(202,136,95)","(193,194,194)",120.0,120.0,png,carré
durant,Bug,Steel,"(148,148,148)","(112,68,29)","(52,70,102)",120.0,120.0,png,carré
deino,Dark,Dragon,"(139,144,143)","(135,125,70)","(10,42,84)",120.0,120.0,png,carré
zweilous,Dark,Dragon,"(89,83,83)","(191,190,191)","(112,143,185)",120.0,120.0,png,carré
hydreigon,Dark,Dragon,"(135,122,161)","(86,69,76)","(192,193,193)",120.0,120.0,png,carré
larvesta,Bug,Fire,"(243,239,238)","(141,90,77)","(191,192,191)",120.0,120.0,png,carré
volcarona,Bug,Fire,"(215,130,104)","(96,75,71)","(234,240,240)",120.0,120.0,png,carré
cobalion,Steel,Fighting,"(212,206,192)","(32,158,178)","(56,75,75)",120.0,120.0,png,carré
terrakion,Rock,Fighting,"(1,1,1)","(66,57,50)","(205,198,194)",120.0,120.0,png,carré
virizion,Grass,Fighting,"(185,210,120)","(189,189,187)","(113,129,71)",120.0,120.0,png,carré
tornadus-incarnate,Flying,,"(165,134,172)","(234,232,230)","(95,109,87)",120.0,120.0,png,carré
thundurus-incarnate,Electric,Flying,"(206,219,227)","(90,96,107)","(189,189,189)",120.0,120.0,png,carré
reshiram,Dragon,Fire,"(1,1,1)","(140,145,160)","(192,192,197)",120.0,120.0,png,carré
zekrom,Dragon,Electric,"(84,101,103)","(192,193,192)","(45,54,53)",120.0,120.0,png,carré
landorus-incarnate,Ground,Flying,"(157,117,96)","(227,226,232)","(192,193,193)",120.0,120.0,png,carré
kyurem,Dragon,Ice,"(195,195,196)","(204,236,240)","(126,133,136)",120.0,120.0,png,carré
keldeo-ordinary,Water,Fighting,"(196,217,201)","(213,118,83)","(62,106,133)",120.0,120.0,png,carré
meloetta-aria,Normal,Psychic,"(189,200,206)","(21,35,97)","(173,162,99)",120.0,120.0,png,carré
genesect,Bug,Steel,"(1,1,0)","(217,181,220)","(192,193,192)",120.0,120.0,png,carré
chespin,Grass,,"(198,194,121)","(192,192,191)","(110,105,54)",120.0,120.0,png,carré
quilladin,Grass,,"(97,78,47)","(159,193,73)","(220,193,176)",120.0,120.0,png,carré
chesnaught,Grass,Fighting,"(1,1,1)","(243,237,218)","(165,172,139)",120.0,120.0,png,carré
fennekin,Fire,,"(244,230,148)","(195,112,64)","(190,188,187)",120.0,120.0,png,carré
braixen,Fire,,"(241,230,166)","(156,98,63)","(189,188,188)",120.0,120.0,png,carré
delphox,Fire,Psychic,"(0,0,1)","(205,205,205)","(237,143,82)",120.0,120.0,png,carré
froakie,Water,,"(116,212,235)","(85,121,127)","(223,219,193)",120.0,120.0,png,carré
frogadier,Water,,"(56,115,140)","(91,203,229)","(216,215,206)",120.0,120.0,png,carré
greninja,Water,Dark,"(45,97,148)","(234,204,193)","(181,186,189)",120.0,120.0,png,carré
bunnelby,Normal,,"(1,1,1)","(151,129,76)","(147,153,154)",120.0,120.0,png,carré
diggersby,Normal,Ground,"(129,105,70)","(209,198,173)","(192,193,193)",120.0,120.0,png,carré
fletchling,Normal,Flying,"(195,206,221)","(34,41,45)","(218,119,76)",120.0,120.0,png,carré
fletchinder,Fire,Flying,"(186,142,113)","(45,42,44)","(197,197,197)",120.0,120.0,png,carré
talonflame,Fire,Flying,"(188,191,191)","(172,153,144)","(93,59,48)",120.0,120.0,png,carré
scatterbug,Bug,,"(108,119,119)","(113,74,24)","(4,28,81)",120.0,120.0,png,carré
spewpa,Bug,,"(149,135,71)","(175,180,180)","(61,84,114)",120.0,120.0,png,carré
vivillon,Bug,Flying,"(196,107,147)","(61,50,55)","(222,219,222)",120.0,120.0,png,carré
litleo,Fire,Normal,"(1,1,1)","(119,131,149)","(201,214,209)",120.0,120.0,png,carré
pyroar,Fire,Normal,"(233,182,108)","(180,82,70)","(191,193,192)",120.0,120.0,png,carré
flabebe,Fairy,,"(152,114,89)","(188,187,187)","(231,232,205)",120.0,120.0,png,carré
floette,Fairy,,"(196,197,198)","(119,112,92)","(221,228,203)",120.0,120.0,png,carré
florges,Fairy,,"(72,142,121)","(205,100,116)","(211,204,204)",120.0,120.0,png,carré
skiddo,Grass,,"(62,102,85)","(234,231,228)","(159,143,127)",120.0,120.0,png,carré
gogoat,Grass,,"(217,199,175)","(78,112,95)","(196,193,193)",120.0,120.0,png,carré
pancham,Fighting,,"(1,1,1)","(167,174,175)","(102,108,113)",120.0,120.0,png,carré
pangoro,Fighting,Dark,"(1,1,1)","(13,53,115)","(130,80,36)",120.0,120.0,png,carré
furfrou,Normal,,"(179,186,186)","(17,67,126)","(181,103,37)",120.0,120.0,png,carré
espurr,Psychic,,"(1,1,1)","(136,100,48)","(12,39,82)",120.0,120.0,png,carré
meowstic-male,Psychic,,"(0,1,1)","(52,105,133)","(185,185,186)",120.0,120.0,png,carré
honedge,Steel,Ghost,"(76,106,113)","(194,194,195)","(179,197,184)",120.0,120.0,png,carré
doublade,Steel,Ghost,"(210,179,180)","(119,96,95)","(207,208,209)",120.0,120.0,png,carré
aegislash-blade,Steel,Ghost,"(206,192,155)","(98,88,77)","(194,193,193)",120.0,120.0,png,carré
spritzee,Fairy,,"(235,190,206)","(122,86,94)","(193,192,193)",120.0,120.0,png,carré
aromatisse,Fairy,,"(234,161,186)","(137,83,106)","(187,187,187)",120.0,120.0,png,carré
swirlix,Fairy,,"(131,132,129)","(33,71,110)","(122,102,59)",120.0,120.0,png,carré
slurpuff,Fairy,,"(105,131,157)","(175,142,81)","(198,200,197)",120.0,120.0,png,carré
inkay,Dark,Psychic,"(120,137,157)","(240,220,228)","(194,193,193)",120.0,120.0,png,carré
malamar,Dark,Psychic,"(126,137,163)","(195,195,195)","(200,215,224)",120.0,120.0,png,carré
binacle,Rock,Water,"(157,167,162)","(237,243,240)","(126,107,64)",120.0,120.0,png,carré
barbaracle,Rock,Water,"(157,154,155)","(91,82,49)","(236,237,236)",120.0,120.0,png,carré
skrelp,Poison,Water,"(129,90,84)","(213,216,216)","(179,150,176)",120.0,120.0,png,carré
dragalge,Poison,Dragon,"(1,1,1)","(190,187,186)","(222,143,160)",120.0,120.0,png,carré
clauncher,Water,,"(194,193,192)","(143,227,240)","(109,119,107)",120.0,120.0,png,carré
clawitzer,Water,,"(1,0,0)","(75,149,219)","(212,202,159)",120.0,120.0,png,carré
helioptile,Electric,Normal,"(238,228,120)","(105,108,103)","(190,190,188)",120.0,120.0,png,carré
heliolisk,Electric,Normal,"(232,204,102)","(106,96,89)","(189,189,189)",120.0,120.0,png,carré
tyrunt,Rock,Dragon,"(170,174,175)","(12,50,123)","(169,147,78)",120.0,120.0,png,carré
tyrantrum,Rock,Dragon,"(162,116,112)","(227,219,206)","(92,57,58)",120.0,120.0,png,carré
amaura,Rock,Ice,"(183,223,235)","(114,144,158)","(188,188,189)",120.0,120.0,png,carré
aurorus,Rock,Ice,"(228,237,220)","(125,160,202)","(193,192,182)",120.0,120.0,png,carré
sylveon,Fairy,,"(1,0,0)","(246,218,226)","(159,139,155)",120.0,120.0,png,carré
hawlucha,Fighting,Flying,"(80,181,147)","(171,76,66)","(227,223,221)",120.0,120.0,png,carré
dedenne,Electric,Fairy,"(225,190,114)","(71,63,46)","(190,190,189)",120.0,120.0,png,carré
carbink,Rock,Fairy,"(133,131,118)","(192,200,197)","(14,58,141)",120.0,120.0,png,carré
goomy,Dragon,,"(157,163,162)","(6,18,58)","(126,77,53)",120.0,120.0,png,carré
sliggoo,Dragon,,"(195,199,202)","(188,145,96)","(15,54,137)",120.0,120.0,png,carré
goodra,Dragon,,"(148,138,158)","(225,206,237)","(194,195,194)",120.0,120.0,png,carré
klefki,Steel,Fairy,"(200,196,187)","(191,191,190)","(107,98,89)",120.0,120.0,png,carré
phantump,Ghost,Grass,"(64,71,69)","(193,194,193)","(154,132,104)",120.0,120.0,png,carré
trevenant,Ghost,Grass,"(146,141,112)","(75,85,68)","(189,187,185)",120.0,120.0,png,carré
pumpkaboo-average,Ghost,Grass,"(107,106,103)","(157,157,160)","(9,31,78)",120.0,120.0,png,carré
gourgeist-average,Ghost,Grass,"(241,183,139)","(100,77,61)","(192,190,191)",120.0,120.0,png,carré
bergmite,Ice,,"(192,198,196)","(26,47,135)","(179,136,78)",120.0,120.0,png,carré
avalugg,Ice,,"(1,0,0)","(157,212,239)","(187,186,189)",120.0,120.0,png,carré
noibat,Flying,Dragon,"(211,176,213)","(117,88,109)","(198,197,198)",120.0,120.0,png,carré
noivern,Flying,Dragon,"(186,187,193)","(71,59,63)","(111,157,164)",120.0,120.0,png,carré
xerneas,Fairy,,"(207,190,148)","(89,92,111)","(210,209,209)",120.0,120.0,png,carré
yveltal,Dark,Flying,"(153,81,95)","(204,200,201)","(55,43,46)",120.0,120.0,png,carré
zygarde-50,Dragon,Ground,"(1,1,0)","(198,198,198)","(65,61,50)",120.0,120.0,png,carré
diancie,Rock,Fairy,"(114,102,122)","(239,197,222)","(191,191,191)",120.0,120.0,png,carré
hoopa-confined,Psychic,Ghost,"(226,177,203)","(165,133,88)","(193,194,196)",120.0,120.0,png,carré
volcanion,Fire,Water,"(1,1,1)","(214,106,91)","(139,194,199)",120.0,120.0,png,carré
rowlet,Grass,Flying,"(154,131,109)","(213,189,166)","(82,154,128)",120.0,120.0,jpg,carré
dartrix,Grass,Flying,"(176,166,144)","(126,110,83)","(221,217,209)",120.0,120.0,jpg,carré
decidueye,Grass,Ghost,"(164,144,122)","(235,194,156)","(66,156,109)",120.0,120.0,jpg,carré
litten,Fire,,"(84,76,78)","(189,187,161)","(207,99,81)",120.0,120.0,jpg,carré
torracat,Fire,,"(83,70,60)","(203,101,59)","(181,170,157)",120.0,120.0,jpg,carré
incineroar,Fire,Dark,"(96,68,64)","(213,82,70)","(184,162,140)",120.0,120.0,jpg,carré
popplio,Water,,"(94,117,150)","(116,147,212)","(193,204,216)",120.0,120.0,jpg,carré
brionne,Water,,"(136,227,243)","(129,162,169)","(201,211,216)",120.0,120.0,jpg,carré
primarina,Water,Fairy,"(33,101,188)","(144,165,175)","(192,222,233)",120.0,120.0,jpg,carré
pikipek,Normal,Flying,"(86,86,86)","(170,168,167)","(223,108,91)",120.0,120.0,jpg,carré
trumbeak,Normal,Flying,"(153,137,134)","(87,86,85)","(197,195,195)",120.0,120.0,jpg,carré
toucannon,Normal,Flying,"(90,86,84)","(203,197,164)","(216,121,94)",120.0,120.0,jpg,carré
yungoos,Normal,,"(189,151,121)","(130,104,84)","(240,234,178)",120.0,120.0,jpg,carré
gumshoos,Normal,,"(116,99,77)","(229,220,153)","(154,137,110)",120.0,120.0,jpg,carré
grubbin,Bug,,"(221,183,135)","(212,218,217)","(145,130,111)",120.0,120.0,jpg,carré
charjabug,Bug,Electric,"(84,105,59)","(120,150,99)","(186,190,158)",120.0,120.0,jpg,carré
vikavolt,Bug,Electric,"(255,255,255)","(208,212,193)","(53,106,116)",120.0,120.0,jpg,carré
crabrawler,Fighting,,"(63,162,192)","(177,168,173)","(100,93,127)",120.0,120.0,jpg,carré
crabominable,Fighting,Ice,"(97,107,144)","(185,207,215)","(148,160,166)",120.0,120.0,jpg,carré
oricorio-baile,Fire,Flying,"(224,87,112)","(182,160,162)","(116,70,71)",120.0,120.0,jpg,carré
cutiefly,Bug,Fairy,"(170,164,136)","(218,213,185)","(97,95,88)",120.0,120.0,jpg,carré
ribombee,Bug,Fairy,"(111,96,78)","(188,181,157)","(228,225,219)",120.0,120.0,jpg,carré
rockruff,Rock,,"(168,151,145)","(218,191,180)","(122,104,97)",120.0,120.0,jpg,carré
lycanroc-midday,Rock,,"(162,157,153)","(223,211,204)","(103,98,94)",120.0,120.0,jpg,carré
wishiwashi-solo,Water,,"(152,154,157)","(193,204,210)","(91,131,182)",120.0,120.0,jpg,carré
mareanie,Poison,Water,"(115,121,135)","(181,226,231)","(155,168,182)",120.0,120.0,jpg,carré
toxapex,Poison,Water,"(85,86,117)","(255,255,255)","(149,157,156)",120.0,120.0,jpg,carré
mudbray,Ground,,"(115,99,89)","(222,200,191)","(170,136,121)",120.0,120.0,jpg,carré
mudsdale,Ground,,"(255,255,254)","(76,80,83)","(154,98,79)",120.0,120.0,jpg,carré
dewpider,Water,Bug,"(109,124,77)","(113,155,162)","(197,205,193)",120.0,120.0,jpg,carré
araquanid,Water,Bug,"(142,168,148)","(88,103,95)","(195,214,219)",120.0,120.0,jpg,carré
fomantis,Grass,,"(138,208,187)","(207,174,181)","(106,131,119)",120.0,120.0,jpg,carré
lurantis,Grass,,"(223,202,206)","(236,135,154)","(157,129,132)",120.0,120.0,jpg,carré
morelull,Grass,Fairy,"(183,176,174)","(132,127,125)","(233,205,222)",120.0,120.0,jpg,carré
shiinotic,Grass,Fairy,"(170,172,130)","(227,195,203)","(133,127,112)",120.0,120.0,jpg,carré
salandit,Poison,Fire,"(117,112,114)","(75,75,75)","(184,182,182)",120.0,120.0,jpg,carré
salazzle,Poison,Fire,"(119,105,119)","(80,77,84)","(192,190,192)",120.0,120.0,jpg,carré
stufful,Normal,Fighting,"(111,83,73)","(231,194,200)","(174,144,146)",120.0,120.0,jpg,carré
bewear,Normal,Fighting,"(74,78,72)","(235,196,203)","(160,142,145)",120.0,120.0,jpg,carré
bounsweet,Grass,,"(199,116,156)","(214,233,177)","(150,136,122)",120.0,120.0,jpg,carré
steenee,Grass,,"(180,176,158)","(213,237,178)","(140,129,118)",120.0,120.0,jpg,carré
tsareena,Grass,,"(255,255,255)","(160,96,118)","(163,179,130)",120.0,120.0,jpg,carré
comfey,Fairy,,"(182,127,101)","(209,203,178)","(227,211,84)",120.0,120.0,jpg,carré
oranguru,Normal,Psychic,"(255,255,255)","(185,180,182)","(41,182,111)",120.0,120.0,jpg,carré
passimian,Fighting,,"(93,98,89)","(153,163,148)","(217,224,189)",120.0,120.0,jpg,carré
wimpod,Bug,Water,"(162,152,159)","(120,113,119)","(209,213,209)",120.0,120.0,jpg,carré
golisopod,Bug,Water,"(149,157,152)","(204,215,208)","(95,102,102)",120.0,120.0,jpg,carré
sandygast,Ghost,Ground,"(170,164,145)","(125,116,97)","(221,220,196)",120.0,120.0,jpg,carré
palossand,Ghost,Ground,"(255,255,255)","(246,208,158)","(195,160,126)",120.0,120.0,jpg,carré
pyukumuku,Water,,"(62,69,70)","(208,131,159)","(135,96,112)",120.0,120.0,jpg,carré
type-null,Normal,,"(75,76,74)","(183,173,167)","(135,126,118)",120.0,120.0,jpg,carré
silvally,Normal,,"(64,68,68)","(150,153,159)","(214,218,224)",120.0,120.0,jpg,carré
minior-meteor,Rock,Flying,"(118,95,94)","(165,148,148)","(76,63,63)",120.0,120.0,jpg,carré
komala,Normal,,"(145,156,163)","(120,106,90)","(199,203,206)",120.0,120.0,jpg,carré
turtonator,Fire,Dragon,"(255,255,255)","(134,82,73)","(182,180,165)",120.0,120.0,jpg,carré
togedemaru,Electric,Steel,"(172,172,167)","(217,218,201)","(131,131,113)",120.0,120.0,jpg,carré
mimikyu,Ghost,Fairy,"(176,169,141)","(233,227,186)","(104,99,84)",120.0,120.0,jpg,carré
bruxish,Water,Psychic,"(146,120,132)","(197,206,186)","(200,127,186)",120.0,120.0,jpg,carré
drampa,Normal,Dragon,"(117,155,140)","(175,183,163)","(221,226,211)",120.0,120.0,jpg,carré
dhelmise,Ghost,Grass,"(118,100,56)","(175,163,123)","(31,124,129)",120.0,120.0,jpg,carré
jangmo-o,Dragon,,"(170,167,147)","(228,224,180)","(108,110,105)",120.0,120.0,jpg,carré
hakamo-o,Dragon,Fighting,"(201,199,181)","(105,104,88)","(155,152,125)",120.0,120.0,jpg,carré
kommo-o,Dragon,Fighting,"(255,254,254)","(132,128,110)","(83,81,69)",120.0,120.0,jpg,carré
tapu-koko,Electric,Fairy,"(167,135,71)","(235,206,88)","(73,70,50)",120.0,120.0,jpg,carré
tapu-lele,Psychic,Fairy,"(109,75,77)","(192,113,128)","(216,173,189)",120.0,120.0,jpg,carré
tapu-bulu,Grass,Fairy,"(186,177,95)","(90,77,61)","(222,110,104)",120.0,120.0,jpg,carré
tapu-fini,Water,Fairy,"(167,155,212)","(67,68,79)","(120,111,151)",120.0,120.0,jpg,carré
cosmog,Psychic,,"(83,166,212)","(64,72,118)","(153,129,177)",120.0,120.0,jpg,carré
cosmoem,Psychic,,"(222,211,115)","(44,56,92)","(143,139,129)",120.0,120.0,jpg,carré
solgaleo,Psychic,Steel,"(254,254,254)","(115,98,84)","(211,216,219)",120.0,120.0,jpg,carré
lunala,Psychic,Ghost,"(75,60,143)","(230,220,126)","(254,254,253)",120.0,120.0,jpg,carré
nihilego,Rock,Poison,"(176,190,206)","(210,220,231)","(136,149,165)",120.0,120.0,jpg,carré
buzzwole,Bug,Fighting,"(66,33,30)","(206,142,114)","(150,67,64)",120.0,120.0,jpg,carré
pheromosa,Bug,Fighting,"(113,111,109)","(254,254,254)","(168,165,161)",120.0,120.0,jpg,carré
xurkitree,Electric,,"(67,68,65)","(134,135,128)","(191,198,196)",120.0,120.0,jpg,carré
celesteela,Steel,Flying,"(112,147,129)","(166,194,170)","(46,87,73)",120.0,120.0,jpg,carré
kartana,Grass,Steel,"(166,129,39)","(215,213,210)","(164,158,148)",120.0,120.0,jpg,carré
guzzlord,Dark,Dragon,"(68,106,120)","(40,50,52)","(178,170,102)",120.0,120.0,jpg,carré
necrozma,Psychic,,"(69,71,75)","(159,160,160)","(34,36,40)",120.0,120.0,jpg,carré
magearna,Steel,Fairy,"(186,177,165)","(227,217,212)","(138,134,126)",120.0,120.0,jpg,carré
marshadow,Fighting,Ghost,"(115,116,114)","(76,76,74)","(194,190,186)",120.0,120.0,jpg,carré
poipole,Poison,,"(138,92,183)","(202,163,202)","(101,70,137)",120.0,120.0,jpg,carré
naganadel,Poison,Dragon,"(146,110,177)","(198,165,214)","(109,86,125)",120.0,120.0,jpg,carré
stakataka,Rock,Steel,"(149,151,154)","(103,107,109)","(66,71,71)",120.0,120.0,jpg,carré
blacephalon,Fire,Ghost,"(164,156,158)","(209,209,213)","(90,122,124)",120.0,120.0,jpg,carré
zeraora,Electric,,"(163,162,92)","(95,97,70)","(237,232,91)",120.0,120.0,jpg,carré
meltan,Steel,,"(254,254,254)","(110,89,58)","(234,212,149)",120.0,120.0,jpg,carré
melmetal,Steel,,"(139,136,128)","(75,72,70)","(213,210,198)",120.0,120.0,jpg,carré
